{"color":"DEFAULT","isTrashed":false,"isPinned":false,"isArchived":true,"textContent":"Ан-2 («Кукурузник») \u2014 первый самолёт, выпущенный под маркой АН. В Советском Союзе выпускался до 1971 года, в Польше \u2014 до 2002, а в Китае его производят до сих пор.\nАн-10 \u2014 первый самолёт под маркой АН, созданный для пассажирских перевозок. Среднемагистральный лайнер, предназначенный для полётов на расстояния от 500 до 2000 километров, выпускался с 1957 по 1960, а окончательно выведен из эксплуатации в 1972 году.\nАн-22 («Антей») \u2014 первый «большой» самолёт от КБ Антонова. Предназначен для грузовых перевозок на расстояние до 8500 километров. Выпускался с 1966 по 1976 год, но некоторые его экземпляры эксплуатируются и в наши дни.\nАн-24 \u2014 самый популярный пассажирский самолёт под маркой АН. Конструкторское бюро модифицировало его в более новые версии: АН-26, АН-30, АН-32 и АН-34.\nАн-72 \u2014 военно-транспортный самолёт, за характерный вид двигателей получивший имя «Чебурашка». В ноябре 1983 года побил мировой рекорд максимальной высоты полёта, поднявшись до отметки 13410 метров.\nАн-124 («Руслан») \u2014 тяжёлый дальний транспортный самолёт, который выпускался с 1984 по 2004 год. Создавался для перевозки военной техники, в том числе, и баллистических ракет.\nАн-140 \u2014 самолёт, предназначенный для перевозки пассажиров и грузов на расстояние до 3700 километров. Производится в Украине, России, Казахстане и Иране.\nАн-148 \u2014 один из самых популярных пассажирских самолётов, разработанных конструкторским бюро Антонова. Серийное его производство началось лишь в середине 2000-х годов, но уже сейчас он завоевал мировое признание.\nАн-158 \u2014 пассажирский самолёт, запущенный в небо в 2010 году. Является одним из самых экономных и надёжных летательных средств в своём классе во всём мире.\nАн-225 («Мрия») \u2014 крупнейший существующий летательный аппарат в мире. Предназначен для перевозки не только крупногабаритных грузов, но и других самолётов, в том числе, и космического челнока «Буран».\n\n\n\n\n\n60 000\u201380 000 кг \u2014 максимальная полезная нагрузка тяжёлого военно-транспортного самолёта Ан-22 «Антей». \n\n120 000\u2013150 000 кг \u2014 полезная нагрузка тяжёлого военно-транспортного самолёта Ан-124 «Руслан». \nelementy.ru\ntopwar.ru\nВ зависимости от модификации, масса полезной нагрузки может меняться:\nАн-124 \u2014 базовая версия, максимальная нагрузка \u2014 120 т;\nАн-124-200 \u2014 вариант модернизации, масса полезной нагрузки \u2014 150 т;\nАн-124-300 \u2014 модификация с удлинённым фюзеляжем, рассчитана на перевозку грузов массой до 170 т.\n\nДо 250 000 кг \u2014 полезная нагрузка транспортного самолёта Ан-225 «Мрия». \n\n\n\nСамый большой турбопроп - антей","title":"","userEditedTimestampUsec":1751552238455000,"createdTimestampUsec":1751552201703000,"textContentHtml":"<p dir=\"ltr\" style=\"line-height:1.38;margin-top:0.0pt;margin-bottom:0.0pt;\"><span style=\"font-size:7.2pt;font-family:'Google Sans';color:#000000;background-color:transparent;font-weight:400;font-style:normal;font-variant:normal;text-decoration:none;vertical-align:baseline;white-space:pre;white-space:pre-wrap;\">Ан-2 («Кукурузник») \u2014 первый самолёт, выпущенный под маркой АН. В Советском Союзе выпускался до 1971 года, в Польше \u2014 до 2002, а в Китае его производят до сих пор.<\/span><\/p><p dir=\"ltr\" style=\"line-height:1.38;margin-top:0.0pt;margin-bottom:0.0pt;\"><span style=\"font-size:7.2pt;font-family:'Google Sans';color:#000000;background-color:transparent;font-weight:400;font-style:normal;font-variant:normal;text-decoration:none;vertical-align:baseline;white-space:pre;white-space:pre-wrap;\">Ан-10 \u2014 первый самолёт под маркой АН, созданный для пассажирских перевозок. Среднемагистральный лайнер, предназначенный для полётов на расстояния от 500 до 2000 километров, выпускался с 1957 по 1960, а окончательно выведен из эксплуатации в 1972 году.<\/span><\/p><p dir=\"ltr\" style=\"line-height:1.38;margin-top:0.0pt;margin-bottom:0.0pt;\"><span style=\"font-size:7.2pt;font-family:'Google Sans';color:#000000;background-color:transparent;font-weight:400;font-style:normal;font-variant:normal;text-decoration:none;vertical-align:baseline;white-space:pre;white-space:pre-wrap;\">Ан-22 («Антей») \u2014 первый «большой» самолёт от КБ Антонова. Предназначен для грузовых перевозок на расстояние до 8500 километров. Выпускался с 1966 по 1976 год, но некоторые его экземпляры эксплуатируются и в наши дни.<\/span><\/p><p dir=\"ltr\" style=\"line-height:1.38;margin-top:0.0pt;margin-bottom:0.0pt;\"><span style=\"font-size:7.2pt;font-family:'Google Sans';color:#000000;background-color:transparent;font-weight:400;font-style:normal;font-variant:normal;text-decoration:none;vertical-align:baseline;white-space:pre;white-space:pre-wrap;\">Ан-24 \u2014 самый популярный пассажирский самолёт под маркой АН. Конструкторское бюро модифицировало его в более новые версии: АН-26, АН-30, АН-32 и АН-34.<\/span><\/p><p dir=\"ltr\" style=\"line-height:1.38;margin-top:0.0pt;margin-bottom:0.0pt;\"><span style=\"font-size:7.2pt;font-family:'Google Sans';color:#000000;background-color:transparent;font-weight:400;font-style:normal;font-variant:normal;text-decoration:none;vertical-align:baseline;white-space:pre;white-space:pre-wrap;\">Ан-72 \u2014 военно-транспортный самолёт, за характерный вид двигателей получивший имя «Чебурашка». В ноябре 1983 года побил мировой рекорд максимальной высоты полёта, поднявшись до отметки 13410 метров.<\/span><\/p><p dir=\"ltr\" style=\"line-height:1.38;margin-top:0.0pt;margin-bottom:0.0pt;\"><span style=\"font-size:7.2pt;font-family:'Google Sans';color:#000000;background-color:transparent;font-weight:400;font-style:normal;font-variant:normal;text-decoration:none;vertical-align:baseline;white-space:pre;white-space:pre-wrap;\">Ан-124 («Руслан») \u2014 тяжёлый дальний транспортный самолёт, который выпускался с 1984 по 2004 год. Создавался для перевозки военной техники, в том числе, и баллистических ракет.<\/span><\/p><p dir=\"ltr\" style=\"line-height:1.38;margin-top:0.0pt;margin-bottom:0.0pt;\"><span style=\"font-size:7.2pt;font-family:'Google Sans';color:#000000;background-color:transparent;font-weight:400;font-style:normal;font-variant:normal;text-decoration:none;vertical-align:baseline;white-space:pre;white-space:pre-wrap;\">Ан-140 \u2014 самолёт, предназначенный для перевозки пассажиров и грузов на расстояние до 3700 километров. Производится в Украине, России, Казахстане и Иране.<\/span><\/p><p dir=\"ltr\" style=\"line-height:1.38;margin-top:0.0pt;margin-bottom:0.0pt;\"><span style=\"font-size:7.2pt;font-family:'Google Sans';color:#000000;background-color:transparent;font-weight:400;font-style:normal;font-variant:normal;text-decoration:none;vertical-align:baseline;white-space:pre;white-space:pre-wrap;\">Ан-148 \u2014 один из самых популярных пассажирских самолётов, разработанных конструкторским бюро Антонова. Серийное его производство началось лишь в середине 2000-х годов, но уже сейчас он завоевал мировое признание.<\/span><\/p><p dir=\"ltr\" style=\"line-height:1.38;margin-top:0.0pt;margin-bottom:0.0pt;\"><span style=\"font-size:7.2pt;font-family:'Google Sans';color:#000000;background-color:transparent;font-weight:400;font-style:normal;font-variant:normal;text-decoration:none;vertical-align:baseline;white-space:pre;white-space:pre-wrap;\">Ан-158 \u2014 пассажирский самолёт, запущенный в небо в 2010 году. Является одним из самых экономных и надёжных летательных средств в своём классе во всём мире.<\/span><\/p><p dir=\"ltr\" style=\"line-height:1.38;margin-top:0.0pt;margin-bottom:0.0pt;\"><span style=\"font-size:7.2pt;font-family:'Google Sans';color:#000000;background-color:transparent;font-weight:400;font-style:normal;font-variant:normal;text-decoration:none;vertical-align:baseline;white-space:pre;white-space:pre-wrap;\">Ан-225 («Мрия») \u2014 крупнейший существующий летательный аппарат в мире. Предназначен для перевозки не только крупногабаритных грузов, но и других самолётов, в том числе, и космического челнока «Буран».<\/span><\/p><br /><br /><br /><br /><br /><p dir=\"ltr\" style=\"line-height:1.38;margin-top:0.0pt;margin-bottom:0.0pt;\"><span style=\"font-size:7.2pt;font-family:'Google Sans';color:#000000;background-color:transparent;font-weight:400;font-style:normal;font-variant:normal;text-decoration:none;vertical-align:baseline;white-space:pre;white-space:pre-wrap;\">60 000\u201380 000 кг \u2014 максимальная полезная нагрузка тяжёлого военно-транспортного самолёта Ан-22 «Антей».&nbsp;<\/span><\/p><br /><p dir=\"ltr\" style=\"line-height:1.38;margin-top:0.0pt;margin-bottom:0.0pt;\"><span style=\"font-size:7.2pt;font-family:'Google Sans';color:#000000;background-color:transparent;font-weight:400;font-style:normal;font-variant:normal;text-decoration:none;vertical-align:baseline;white-space:pre;white-space:pre-wrap;\">120 000\u2013150 000 кг \u2014 полезная нагрузка тяжёлого военно-транспортного самолёта Ан-124 «Руслан».&nbsp;<\/span><\/p><p dir=\"ltr\" style=\"line-height:1.38;margin-top:0.0pt;margin-bottom:0.0pt;\"><span style=\"font-size:7.2pt;font-family:'Google Sans';color:#000000;background-color:transparent;font-weight:400;font-style:normal;font-variant:normal;text-decoration:none;vertical-align:baseline;white-space:pre;white-space:pre-wrap;\">elementy.ru<\/span><\/p><p dir=\"ltr\" style=\"line-height:1.38;margin-top:0.0pt;margin-bottom:0.0pt;\"><span style=\"font-size:7.2pt;font-family:'Google Sans';color:#000000;background-color:transparent;font-weight:400;font-style:normal;font-variant:normal;text-decoration:none;vertical-align:baseline;white-space:pre;white-space:pre-wrap;\">topwar.ru<\/span><\/p><p dir=\"ltr\" style=\"line-height:1.38;margin-top:0.0pt;margin-bottom:0.0pt;\"><span style=\"font-size:7.2pt;font-family:'Google Sans';color:#000000;background-color:transparent;font-weight:400;font-style:normal;font-variant:normal;text-decoration:none;vertical-align:baseline;white-space:pre;white-space:pre-wrap;\">В зависимости от модификации, масса полезной нагрузки может меняться:<\/span><\/p><p dir=\"ltr\" style=\"line-height:1.38;margin-top:0.0pt;margin-bottom:0.0pt;\"><span style=\"font-size:7.2pt;font-family:'Google Sans';color:#000000;background-color:transparent;font-weight:400;font-style:normal;font-variant:normal;text-decoration:none;vertical-align:baseline;white-space:pre;white-space:pre-wrap;\">Ан-124 \u2014 базовая версия, максимальная нагрузка \u2014 120 т;<\/span><\/p><p dir=\"ltr\" style=\"line-height:1.38;margin-top:0.0pt;margin-bottom:0.0pt;\"><span style=\"font-size:7.2pt;font-family:'Google Sans';color:#000000;background-color:transparent;font-weight:400;font-style:normal;font-variant:normal;text-decoration:none;vertical-align:baseline;white-space:pre;white-space:pre-wrap;\">Ан-124-200 \u2014 вариант модернизации, масса полезной нагрузки \u2014 150 т;<\/span><\/p><p dir=\"ltr\" style=\"line-height:1.38;margin-top:0.0pt;margin-bottom:0.0pt;\"><span style=\"font-size:7.2pt;font-family:'Google Sans';color:#000000;background-color:transparent;font-weight:400;font-style:normal;font-variant:normal;text-decoration:none;vertical-align:baseline;white-space:pre;white-space:pre-wrap;\">Ан-124-300 \u2014 модификация с удлинённым фюзеляжем, рассчитана на перевозку грузов массой до 170 т.<\/span><\/p><br /><p dir=\"ltr\" style=\"line-height:1.38;margin-top:0.0pt;margin-bottom:0.0pt;\"><span style=\"font-size:7.2pt;font-family:'Google Sans';color:#000000;background-color:transparent;font-weight:400;font-style:normal;font-variant:normal;text-decoration:none;vertical-align:baseline;white-space:pre;white-space:pre-wrap;\">До 250 000 кг \u2014 полезная нагрузка транспортного самолёта Ан-225 «Мрия».&nbsp;<\/span><\/p><br /><br /><br /><p dir=\"ltr\" style=\"line-height:1.38;margin-top:0.0pt;margin-bottom:0.0pt;\"><span style=\"font-size:7.2pt;font-family:'Google Sans';color:#000000;background-color:transparent;font-weight:400;font-style:normal;font-variant:normal;text-decoration:none;vertical-align:baseline;white-space:pre;white-space:pre-wrap;\">Самый большой турбопроп - антей<\/span><\/p>"}