{"color":"DEFAULT","isTrashed":false,"isPinned":false,"isArchived":true,"textContent":"Надо сделать:\n\nПолностью кабина как в реальности, столько же кнопок\nУправление как в реальности\nФизика как в реальности\n3д, графика как в ТФС\nТы сидишь в кабине, и нажимаешь нужные тебе кнопки, можно приблизить взор, чтоб не промахняться, только штурвал отдельно на экране, и когда например на переключательзакрылок нажимаешь, он выходит на пол экрана, и кнопка, отмена(по английски), и кнопка ок(тоже по английски)\nИ кнопки такие же как в реальной жизни, и навигатор\nВСЁ лучше чем МСФС, поэтому это лучше даже тренажеров!!!\nВсе что ты сможешь сделать там - сможель в реальной жизни\nВСЕ виды самолетов, все оффлайн, изначально загружен сессна 172, аирюас а320, чтоб загрузить другие самолеты - нужен инет\nМожно сохранить данные в гугл акаунт, и в файл\nВ файл можно хоть сколько разных \"акаунтов\" сделать, типа сохранённых сценариев, а в гугл акаунт можно 10 штук\nЕсть режим \"песочница\" там ВСЕ самолеты бесплатно, и можно за бесплатно сделать свой самолет, ЛЮБЫЕ характеристики, любай скорость размеры, места для пассажиров, грузовой отсек и т.п., а в обычном режиме это стоит деньги, взависимости от того, какой ты свой самолет сделал, плюс и в обычном, и в песочнице можно открыть авиакомпанию, нанимать пилотов, бортпроводников, короче в песочнице так скажем нет ограничений связанных с деньгами, и можно делать заводы по производству самолетов, и т.п. короче все, что можно в жизни, связанное с авиацией, даже например сделать новое топливо, или двигатели, или купить активы, но купить можно любую компани, и аэропорта\nИ кстати например аэропорт абдулязиза, КСА наврядли отдаст, поэтому например если ты предложишь его обычную стоимость - отказ, а если с надбавкой 10 - 15 процентов, уже есть большой шанс\nНо в обычном режиме ты идешь как пилот, можно выбрать любую имеющиюся авиакомпанию, где ты будешь пилотом, и сам можешь выбрать на каком будешь самолете летать\n\nИ в режиме песочница, можно придумывать авиакомпании, и изменять бюджет других, чтоб весело было))\n\nИ если ты например сделаешь посадку с выключенными датчиками, в сильнейшей туман, без двигателей и шасси, короче когда вся система крахнулась, но ты скилом взял - будет в логбук записано, с ВИДЕО и инфой, как в черном ящик\n\nИ как в тфс, ты можешь ходить\n\nИ там например можно взять железный лист любого размера + болгарку + можно их гнуть\nИ еще там есть обучалка + шпоргалки как летать\nИ там придуманно, как спомощью определённых кусков железа + определённых действий, посадить самолет без хвоста, или чисто кабина пилота, остального нет, или пол самолета, или без крыла, или без двух крыльев, и это все придуманно, по законам физики, поэтому спомощью этих же действий, ты сможешь сделать такие же посадки, в реальной жизни","title":"TFScool","userEditedTimestampUsec":1751374113384000,"createdTimestampUsec":1751374113384000,"textContentHtml":"<p dir=\"ltr\" style=\"line-height:1.38;margin-top:0.0pt;margin-bottom:0.0pt;\"><span style=\"font-size:7.2pt;font-family:'Google Sans';color:#000000;background-color:transparent;font-weight:400;font-style:normal;font-variant:normal;text-decoration:none;vertical-align:baseline;white-space:pre;white-space:pre-wrap;\">Надо сделать:<\/span><\/p><br /><p dir=\"ltr\" style=\"line-height:1.38;margin-top:0.0pt;margin-bottom:0.0pt;\"><span style=\"font-size:7.2pt;font-family:'Google Sans';color:#000000;background-color:transparent;font-weight:400;font-style:normal;font-variant:normal;text-decoration:none;vertical-align:baseline;white-space:pre;white-space:pre-wrap;\">Полностью кабина как в реальности, столько же кнопок<\/span><\/p><p dir=\"ltr\" style=\"line-height:1.38;margin-top:0.0pt;margin-bottom:0.0pt;\"><span style=\"font-size:7.2pt;font-family:'Google Sans';color:#000000;background-color:transparent;font-weight:400;font-style:normal;font-variant:normal;text-decoration:none;vertical-align:baseline;white-space:pre;white-space:pre-wrap;\">Управление как в реальности<\/span><\/p><p dir=\"ltr\" style=\"line-height:1.38;margin-top:0.0pt;margin-bottom:0.0pt;\"><span style=\"font-size:7.2pt;font-family:'Google Sans';color:#000000;background-color:transparent;font-weight:400;font-style:normal;font-variant:normal;text-decoration:none;vertical-align:baseline;white-space:pre;white-space:pre-wrap;\">Физика как в реальности<\/span><\/p><p dir=\"ltr\" style=\"line-height:1.38;margin-top:0.0pt;margin-bottom:0.0pt;\"><span style=\"font-size:7.2pt;font-family:'Google Sans';color:#000000;background-color:transparent;font-weight:400;font-style:normal;font-variant:normal;text-decoration:none;vertical-align:baseline;white-space:pre;white-space:pre-wrap;\">3д, графика как в ТФС<\/span><\/p><p dir=\"ltr\" style=\"line-height:1.38;margin-top:0.0pt;margin-bottom:0.0pt;\"><span style=\"font-size:7.2pt;font-family:'Google Sans';color:#000000;background-color:transparent;font-weight:400;font-style:normal;font-variant:normal;text-decoration:none;vertical-align:baseline;white-space:pre;white-space:pre-wrap;\">Ты сидишь в кабине, и нажимаешь нужные тебе кнопки, можно приблизить взор, чтоб не промахняться, только штурвал отдельно на экране, и когда например на переключательзакрылок нажимаешь, он выходит на пол экрана, и кнопка, отмена(по английски), и кнопка ок(тоже по английски)<\/span><\/p><p dir=\"ltr\" style=\"line-height:1.38;margin-top:0.0pt;margin-bottom:0.0pt;\"><span style=\"font-size:7.2pt;font-family:'Google Sans';color:#000000;background-color:transparent;font-weight:400;font-style:normal;font-variant:normal;text-decoration:none;vertical-align:baseline;white-space:pre;white-space:pre-wrap;\">И кнопки такие же как в реальной жизни, и навигатор<\/span><\/p><p dir=\"ltr\" style=\"line-height:1.38;margin-top:0.0pt;margin-bottom:0.0pt;\"><span style=\"font-size:7.2pt;font-family:'Google Sans';color:#000000;background-color:transparent;font-weight:400;font-style:normal;font-variant:normal;text-decoration:none;vertical-align:baseline;white-space:pre;white-space:pre-wrap;\">ВСЁ лучше чем МСФС, поэтому это лучше даже тренажеров!!!<\/span><\/p><p dir=\"ltr\" style=\"line-height:1.38;margin-top:0.0pt;margin-bottom:0.0pt;\"><span style=\"font-size:7.2pt;font-family:'Google Sans';color:#000000;background-color:transparent;font-weight:400;font-style:normal;font-variant:normal;text-decoration:none;vertical-align:baseline;white-space:pre;white-space:pre-wrap;\">Все что ты сможешь сделать там - сможель в реальной жизни<\/span><\/p><p dir=\"ltr\" style=\"line-height:1.38;margin-top:0.0pt;margin-bottom:0.0pt;\"><span style=\"font-size:7.2pt;font-family:'Google Sans';color:#000000;background-color:transparent;font-weight:400;font-style:normal;font-variant:normal;text-decoration:none;vertical-align:baseline;white-space:pre;white-space:pre-wrap;\">ВСЕ виды самолетов, все оффлайн, изначально загружен сессна 172, аирюас а320, чтоб загрузить другие самолеты - нужен инет<\/span><\/p><p dir=\"ltr\" style=\"line-height:1.38;margin-top:0.0pt;margin-bottom:0.0pt;\"><span style=\"font-size:7.2pt;font-family:'Google Sans';color:#000000;background-color:transparent;font-weight:400;font-style:normal;font-variant:normal;text-decoration:none;vertical-align:baseline;white-space:pre;white-space:pre-wrap;\">Можно сохранить данные в гугл акаунт, и в файл<\/span><\/p><p dir=\"ltr\" style=\"line-height:1.38;margin-top:0.0pt;margin-bottom:0.0pt;\"><span style=\"font-size:7.2pt;font-family:'Google Sans';color:#000000;background-color:transparent;font-weight:400;font-style:normal;font-variant:normal;text-decoration:none;vertical-align:baseline;white-space:pre;white-space:pre-wrap;\">В файл можно хоть сколько разных &quot;акаунтов&quot; сделать, типа сохранённых сценариев, а в гугл акаунт можно 10 штук<\/span><\/p><p dir=\"ltr\" style=\"line-height:1.38;margin-top:0.0pt;margin-bottom:0.0pt;\"><span style=\"font-size:7.2pt;font-family:'Google Sans';color:#000000;background-color:transparent;font-weight:400;font-style:normal;font-variant:normal;text-decoration:none;vertical-align:baseline;white-space:pre;white-space:pre-wrap;\">Есть режим &quot;песочница&quot; там ВСЕ самолеты бесплатно, и можно за бесплатно сделать свой самолет, ЛЮБЫЕ характеристики, любай скорость размеры, места для пассажиров, грузовой отсек и т.п., а в обычном режиме это стоит деньги, взависимости от того, какой ты свой самолет сделал, плюс и в обычном, и в песочнице можно открыть авиакомпанию, нанимать пилотов, бортпроводников, короче в песочнице так скажем нет ограничений связанных с деньгами, и можно делать заводы по производству самолетов, и т.п. короче все, что можно в жизни, связанное с авиацией, даже например сделать новое топливо, или двигатели, или купить активы, но купить можно любую компани, и аэропорта<\/span><\/p><p dir=\"ltr\" style=\"line-height:1.38;margin-top:0.0pt;margin-bottom:0.0pt;\"><span style=\"font-size:7.2pt;font-family:'Google Sans';color:#000000;background-color:transparent;font-weight:400;font-style:normal;font-variant:normal;text-decoration:none;vertical-align:baseline;white-space:pre;white-space:pre-wrap;\">И кстати например аэропорт абдулязиза, КСА наврядли отдаст, поэтому например если ты предложишь его обычную стоимость - отказ, а если с надбавкой 10 - 15 процентов, уже есть большой шанс<\/span><\/p><p dir=\"ltr\" style=\"line-height:1.38;margin-top:0.0pt;margin-bottom:0.0pt;\"><span style=\"font-size:7.2pt;font-family:'Google Sans';color:#000000;background-color:transparent;font-weight:400;font-style:normal;font-variant:normal;text-decoration:none;vertical-align:baseline;white-space:pre;white-space:pre-wrap;\">Но в обычном режиме ты идешь как пилот, можно выбрать любую имеющиюся авиакомпанию, где ты будешь пилотом, и сам можешь выбрать на каком будешь самолете летать<\/span><\/p><br /><p dir=\"ltr\" style=\"line-height:1.38;margin-top:0.0pt;margin-bottom:0.0pt;\"><span style=\"font-size:7.2pt;font-family:'Google Sans';color:#000000;background-color:transparent;font-weight:400;font-style:normal;font-variant:normal;text-decoration:none;vertical-align:baseline;white-space:pre;white-space:pre-wrap;\">И в режиме песочница, можно придумывать авиакомпании, и изменять бюджет других, чтоб весело было))<\/span><\/p><br /><p dir=\"ltr\" style=\"line-height:1.38;margin-top:0.0pt;margin-bottom:0.0pt;\"><span style=\"font-size:7.2pt;font-family:'Google Sans';color:#000000;background-color:transparent;font-weight:400;font-style:normal;font-variant:normal;text-decoration:none;vertical-align:baseline;white-space:pre;white-space:pre-wrap;\">И если ты например сделаешь посадку с выключенными датчиками, в сильнейшей туман, без двигателей и шасси, короче когда вся система крахнулась, но ты скилом взял - будет в логбук записано, с ВИДЕО и инфой, как в черном ящик<\/span><\/p><br /><p dir=\"ltr\" style=\"line-height:1.38;margin-top:0.0pt;margin-bottom:0.0pt;\"><span style=\"font-size:7.2pt;font-family:'Google Sans';color:#000000;background-color:transparent;font-weight:400;font-style:normal;font-variant:normal;text-decoration:none;vertical-align:baseline;white-space:pre;white-space:pre-wrap;\">И как в тфс, ты можешь ходить<\/span><\/p><br /><p dir=\"ltr\" style=\"line-height:1.38;margin-top:0.0pt;margin-bottom:0.0pt;\"><span style=\"font-size:7.2pt;font-family:'Google Sans';color:#000000;background-color:transparent;font-weight:400;font-style:normal;font-variant:normal;text-decoration:none;vertical-align:baseline;white-space:pre;white-space:pre-wrap;\">И там например можно взять железный лист любого размера + болгарку + можно их гнуть<\/span><\/p><p dir=\"ltr\" style=\"line-height:1.38;margin-top:0.0pt;margin-bottom:0.0pt;\"><span style=\"font-size:7.2pt;font-family:'Google Sans';color:#000000;background-color:transparent;font-weight:400;font-style:normal;font-variant:normal;text-decoration:none;vertical-align:baseline;white-space:pre;white-space:pre-wrap;\">И еще там есть обучалка + шпоргалки как летать<\/span><\/p><p dir=\"ltr\" style=\"line-height:1.38;margin-top:0.0pt;margin-bottom:0.0pt;\"><span style=\"font-size:7.2pt;font-family:'Google Sans';color:#000000;background-color:transparent;font-weight:400;font-style:normal;font-variant:normal;text-decoration:none;vertical-align:baseline;white-space:pre;white-space:pre-wrap;\">И там придуманно, как спомощью определённых кусков железа + определённых действий, посадить самолет без хвоста, или чисто кабина пилота, остального нет, или пол самолета, или без крыла, или без двух крыльев, и это все придуманно, по законам физики, поэтому спомощью этих же действий, ты сможешь сделать такие же посадки, в реальной жизни<\/span><\/p>"}