Идентификатор канала,URL канала,Название канала
UC36O0Ls8dr_i6alglE6879Q,http://www.youtube.com/channel/UC36O0Ls8dr_i6alglE6879Q,DVloper
UCAGP2a4NnOHjWPA8Ziq_TTg,http://www.youtube.com/channel/UCAGP2a4NnOHjWPA8Ziq_TTg,Galaxy Gaming
UCOGFg4z-_hsZnxVyIYezpnA,http://www.youtube.com/channel/UCOGFg4z-_hsZnxVyIYezpnA,GreenSheep - Minecraft
UCUSgETjsxNoMnPxM_0uXMVg,http://www.youtube.com/channel/UCUSgETjsxNoMnPxM_0uXMVg,HORROR PARTY
UCZ1kKaiLB8cEKgAOn_6d88w,http://www.youtube.com/channel/UCZ1kKaiLB8cEKgAOn_6d88w,Lighthouse documents 
UCg9pDBYdJ2d7cJffj4kcyEw,http://www.youtube.com/channel/UCg9pDBYdJ2d7cJffj4kcyEw,Vadim - Android Games
UChCBHudFoBnsF0O1flPXqiQ,http://www.youtube.com/channel/UChCBHudFoBnsF0O1flPXqiQ,Nick Pro
UCqhK3dl1EL15Egw_BWUOqew,http://www.youtube.com/channel/UCqhK3dl1EL15Egw_BWUOqew,Caffè TV
UCsh0-u4d_EpPQWvp6FkHonQ,http://www.youtube.com/channel/UCsh0-u4d_EpPQWvp6FkHonQ,TOPSY





