Идентификатор комментария,Идентификатор канала,Дата публикации комментария,Цена,Идентификатор оригинального комментария,Идентификатор видео,Текст комментария,Идентификатор самого популярного комментария
UgyQBnTwObRDcO8sMql4AaABAg.ABzulfYF9bqAGtyfeSUOhX,UCbksrArJCbIbcdDTeBdNrqw,2025-04-14T13:45:48.408468+00:00,0,UgyQBnTwObRDcO8sMql4AaABAg,k7EYEmYqhdI,"{""text"":""Я грендпа увидел""}",UgyQBnTwObRDcO8sMql4AaABAg
Ugw9KEeWI6NQLGWx4AF4AaABAg,UCbksrArJCbIbcdDTeBdNrqw,2025-02-25T12:14:39.110155+00:00,0,,XBmOjyxJJ-k,"{""text"":""А попробуй попроходить Granny 5: time to wake up, там на экстриме гренни может под столы залазить""},{""text"":""\n""},{""text"":""А там ещё есть импосибл))""}",
UgxV0K5WOsjNpp75crJ4AaABAg,UCbksrArJCbIbcdDTeBdNrqw,2025-02-25T09:14:12.989197+00:00,0,,sgdaKhM-H7U,"{""text"":""send me the link to download this mod menu""}",
Ugx-Oes9kqmFGNHpDVN4AaABAg,UCbksrArJCbIbcdDTeBdNrqw,2025-02-24T12:36:41.428422+00:00,0,,2t9muAkYto4,"{""text"":""Вадим, а какое у тебя самое сложное достижение в играх?""}",





