Идентификатор канала,Автомодерация в чате канала,Разрешенные по умолчанию типы комментариев к видео,Целевая аудитория видео по умолчанию,Лицензия видео по умолчанию,Широта места записи видео по умолчанию,Долгота места записи видео по умолчанию
UCbksrArJCbIbcdDTeBdNrqw,false,Не задано,Не задано,Не задано,0,0





