[{
  "device": {
    "mostRecentData": {
      "carrierName": "MegaCom",
      "playStoreClientVersion": 84582130,
      "manufacturer": "samsung",
      "modelName": "SM-T505",
      "deviceName": "gta4l",
      "productName": "gta4lser",
      "retailBrand": "samsung",
      "totalMemoryBytes": "2836738048",
      "nativePlatform": ["arm64-v8a", "armeabi-v7a", "armeabi"],
      "deviceIpCountry": "KG",
      "userLocale": "ru_RU",
      "buildFingerprint": "samsung/gta4lser/gta4l:12/SP1A.210812.016/T505XXS8CXG1:user/release-keys",
      "androidSdkVersion": "31"
    },
    "dataAtTimeOfUserPlayActivity": {
      "carrierName": "MegaCom",
      "manufacturer": "samsung",
      "modelName": "SM-T505",
      "deviceName": "gta4l",
      "productName": "gta4lser",
      "retailBrand": "samsung",
      "nativePlatform": ["arm64-v8a", "armeabi-v7a", "armeabi"],
      "deviceIpCountry": "KG",
      "userLocale": "ru_RU",
      "androidSdkVersion": "31"
    },
    "deviceRegistrationTime": "2025-04-18T15:44:59.971Z",
    "userAddedOnDeviceTime": "2025-04-19T10:10:24.653Z",
    "lastTimeDeviceActive": "2025-04-18T15:45:01.226435Z"
  }
},
{
  "device": {
    "mostRecentData": {
      "carrierName": "MegaCom",
      "playStoreClientVersion": 84571730,
      "manufacturer": "samsung",
      "modelName": "SM-T505",
      "deviceName": "gta4l",
      "productName": "gta4lser",
      "retailBrand": "samsung",
      "totalMemoryBytes": "2836738048",
      "nativePlatform": ["arm64-v8a", "armeabi-v7a", "armeabi"],
      "deviceIpCountry": "KG",
      "userLocale": "ru_RU",
      "buildFingerprint": "samsung/gta4lser/gta4l:12/SP1A.210812.016/T505XXS8CXG1:user/release-keys",
      "androidSdkVersion": "31"
    },
    "dataAtTimeOfUserPlayActivity": {
      "carrierName": "MegaCom",
      "manufacturer": "samsung",
      "modelName": "SM-T505",
      "deviceName": "gta4l",
      "productName": "gta4lser",
      "retailBrand": "samsung",
      "nativePlatform": ["arm64-v8a", "armeabi-v7a", "armeabi"],
      "deviceIpCountry": "KG",
      "userLocale": "ru_RU",
      "androidSdkVersion": "31"
    },
    "deviceRegistrationTime": "2025-04-01T03:31:59.533Z",
    "userAddedOnDeviceTime": "2025-04-01T03:31:59.533Z",
    "lastTimeDeviceActive": "2025-04-12T08:18:24.696361Z"
  }
}]