Owner Gaia Id,Item Id,Conference Id,Item Type,Meeting Code,Event Id,Thread Id,Inbox Id,Call Direction,Start Time,End Time,Duration,Direct Call Result,Participation State,Call Counterparts,Meeting Media Type
188801502674,c14319c3-839f-4d8d-a8da-c98fdf1e6097,WUiink-yVA1ttAv5BkyEDxITOA8MCwMyBwiKAiAAGAMI,meet:meeting,xsy-sucg-hmv,,thread_c14319c3-839f-4d8d-a8da-c98fdf1e6097,meet,,2025-04-07 13:37:22 UTC,2025-04-07 13:38:41 UTC,0:01:18,,,,
188801502674,18ae7b9b-175c-4350-a20a-04efb3728ef3,TYnBEyHdheISOj7dQwfCDxITOA8MCwMyBwiKAiAAGAMI,meet:meeting,rhx-scwe-har,,thread_18ae7b9b-175c-4350-a20a-04efb3728ef3,meet,,2025-02-27 14:38:34 UTC,2025-02-27 15:22:02 UTC,0:43:14,,,,
188801502674,8e167bd7-c705-478f-9e47-8a8b7be3d843,4VZhygARjhS4tfiK7mgrDxITOAwLAjIGCIoCIAAYAwg,meet:meeting,vap-xfqz-uhx,,thread_8e167bd7-c705-478f-9e47-8a8b7be3d843,meet,,2025-02-25 11:11:05 UTC,2025-02-25 11:12:33 UTC,0:01:28,,,,
188801502674,2cdfc6d1-c3a2-4c28-bda6-34fcfb5b6e20,xOWvUERsD3yeqLFYN-KHDxITOAwLAjIGCIoCIAAYAwg,meet:meeting,vap-xfqz-uhx,,thread_2cdfc6d1-c3a2-4c28-bda6-34fcfb5b6e20,meet,,2025-02-25 11:10:09 UTC,2025-02-25 11:10:59 UTC,0:00:49,,,,
188801502674,f47e0a9e-491a-4895-b84b-2a149afd48c5,vw-cC8O5nwgCSZcZV-vYDxITOAwLAjIGCIoCIAAYAwg,meet:meeting,vap-xfqz-uhx,,thread_f47e0a9e-491a-4895-b84b-2a149afd48c5,meet,,2025-02-25 11:04:58 UTC,2025-02-25 11:08:34 UTC,0:03:35,,,,
188801502674,33ef9a93-b34f-40c4-ba9c-3acf967abcf7,K7BHYWJVSxfX3BGZ75DbDxITOAwLAjIGCIoCIAAYAwg,meet:meeting,vap-xfqz-uhx,,thread_33ef9a93-b34f-40c4-ba9c-3acf967abcf7,meet,,2025-02-25 11:00:06 UTC,2025-02-25 11:04:42 UTC,0:04:35,,,,
188801502674,ddae0dda-df5d-44dd-9653-6b5a1b030d99,9pPy7mvwhtkEq9uyrC1rDxITOAwLAjIGCIoCIAAYAwg,meet:meeting,uho-fgsr-ybr,,thread_ddae0dda-df5d-44dd-9653-6b5a1b030d99,meet,,2025-02-20 10:57:25 UTC,2025-02-20 11:00:46 UTC,0:03:21,,,,
188801502674,2b57d9ec-d3b6-4a15-a8fc-e924f4659d8c,CignjMxs8NJot9dny_vDDxITOAwLAjIGCIoCIAAYAwg,meet:meeting,uho-fgsr-ybr,,thread_2b57d9ec-d3b6-4a15-a8fc-e924f4659d8c,meet,,2025-02-20 10:07:47 UTC,2025-02-20 10:08:49 UTC,0:01:01,,,,
188801502674,c583c30a-34d6-4173-8eed-b5b33da8828a,ZMMIKvcOUo25spgUhuYJDxIROAwLAjIGCIoCIAAYAwg,meet:meeting,nqr-eevb-ytd,,thread_c583c30a-34d6-4173-8eed-b5b33da8828a,meet,,2025-02-12 14:33:24 UTC,2025-02-12 14:59:31 UTC,0:26:07,,,,
188801502674,3dd9a333-cd95-4817-bce2-168aee27edec,urJuZpOElUU6lfXjFNphDxIROAwLAjIGCIoCIAAYAwg,meet:meeting,tpj-cmug-unj,,thread_3dd9a333-cd95-4817-bce2-168aee27edec,meet,,2025-02-06 14:30:52 UTC,2025-02-06 15:26:07 UTC,0:55:15,,,,
188801502674,cc63fe1f-0325-454b-ba0b-8a33f7677113,yVNhGs6AApkI-gXHLE5FDxIXOAsBMgUIigIgABgDCA,meet:meeting,ivp-zhyc-zhn,,thread_cc63fe1f-0325-454b-ba0b-8a33f7677113,meet,,2025-01-22 13:47:12 UTC,2025-01-22 14:21:22 UTC,0:34:10,,,,
188801502674,e6583d74-9446-46e0-aadf-91c35a46e6c7,XVqDaSEtFhtH0NId9hnWDxIXOAsBMgUIigIgABgDCA,meet:meeting,quq-xuqg-tgt,,thread_e6583d74-9446-46e0-aadf-91c35a46e6c7,meet,,2025-01-15 13:46:27 UTC,2025-01-15 14:30:55 UTC,0:44:28,,,,
188801502674,2e4846f4-bdb7-4d57-b0c6-cb14659e58c4,9AwiDuM48tmaFg717yd4DxIXOAsBMgUIigIgABgDCA,meet:meeting,jqc-iead-jyr,,thread_2e4846f4-bdb7-4d57-b0c6-cb14659e58c4,meet,,2025-01-13 13:58:34 UTC,2025-01-13 14:01:44 UTC,0:03:09,,,,
