Идентификатор плейлиста,Показывать новые видео сверху,Оригинальное название плейлиста,Язык оригинального названия плейлиста,Дата создания плейлиста,Дата обновления плейлиста,Порядок видео в плейлисте,Параметры доступа плейлиста
PLeiKTQUQ0BlLP0Pn9GhwN2Dpddhj6pDux,True,Watch later,en_US,2023-12-07T06:04:15+00:00,2025-07-09T10:05:41+00:00,Вручную,Ограниченный доступ





