{
    "Autofill": [
        {
            "usage_timestamp": [13376065595000000],
            "name": "accountname",
            "value": "9USTA5"
},
        {
            "usage_timestamp": [13376243102000000],
            "name": "flights-dates-return-prepop-whitelabel_ru",
            "value": "29 ноября, пт"
},
        {
            "usage_timestamp": [13364237620000000],
            "name": "q",
            "value": "А"
},
        {
            "usage_timestamp": [13376813020000000],
            "name": "w",
            "value": "Medieval total war "
},
        {
            "usage_timestamp": [
                        13345411015000000,
                        13380525113000000
            ],
            "name": "username",
            "value": "Mmuhammadpomiguev@gmail.com"
},
        {
            "usage_timestamp": [13376065412000000],
            "name": "reenter_email",
            "value": "pomiguevgustav@gmail.com "
},
        {
            "usage_timestamp": [13376243102000000],
            "name": "flights-dates-depart-prepop-whitelabel_ru",
            "value": "17 ноября, вс"
},
        {
            "usage_timestamp": [13376065791000000],
            "name": "personaName",
            "value": "9USTA5"
},
        {
            "usage_timestamp": [13376380510000000],
            "name": "q",
            "value": "Туркий Али Шейх т!исса ккаччил карч! Аллагьнал къуртал дайссания х!укумат лекьан даннин."
},
        {
            "usage_timestamp": [13381053005000000],
            "name": "s",
            "value": "امام احمد"
},
        {
            "usage_timestamp": [13378735197000000],
            "name": "ooui-php-1",
            "value": "Альморавиды"
},
        {
            "usage_timestamp": [13380615349000000],
            "name": "username",
            "value": "muhammadpomiguev@gmail.com"
},
        {
            "usage_timestamp": [13371658233000000],
            "name": "search",
            "value": "Nejd"
},
        {
            "usage_timestamp": [13364237524000000],
            "name": "q",
            "value": " Вехи пророческой сунны"
},
        {
            "usage_timestamp": [13376065412000000],
            "name": "email",
            "value": "pomiguevgustav@gmail.com "
}
    ],
    "Autofill Profile": [],
    "Contact Info": []
}