{
    "Browser History": [],
    "Typed Url": [],
    "Session": [
        {
            "header": {
                        "session_start_time_unix_epoch_millis": 1736934984970,
                        "device_form_factor": "DEVICE_FORM_FACTOR_TABLET",
                        "device_type": "TYPE_TABLET",
                        "client_name": "SM-T505"
            },
            "session_tag": "PtieC2nnz+zWIiZnRvj7fQ=="
},
        {
            "tab_node_id": 4,
            "tab": {
                        "current_navigation_index": 0,
                        "tab_id": 1208,
                        "pinned": false,
                        "navigation": [{
                                    "navigation_from_address_bar": false,
                                    "unique_id": 10,
                                    "navigation_forward_back": false,
                                    "http_status_code": 200,
                                    "global_id": 13388317074549000,
                                    "page_transition": "LINK",
                                    "title": "Telegram: View @ritix",
                                    "timestamp_msec": 1743843474549,
                                    "password_state": "PASSWORD_STATE_UNKNOWN",
                                    "referrer": "",
                                    "virtual_url": "https://t.me/ritix/428",
                                    "correct_referrer_policy": 1,
                                    "navigation_home_page": false,
                                    "redirect_type": "CLIENT_REDIRECT"
                        }],
                        "extension_app_id": "",
                        "last_active_time_unix_epoch_millis": 1743843472071,
                        "window_id": 1118175319,
                        "tab_visual_index": 0
            },
            "session_tag": "PtieC2nnz+zWIiZnRvj7fQ=="
},
        {
            "header": {
                        "session_start_time_unix_epoch_millis": 1744103923981,
                        "device_form_factor": "DEVICE_FORM_FACTOR_TABLET",
                        "device_type": "TYPE_TABLET",
                        "client_name": "SM-T505"
            },
            "session_tag": "1cFcp58l8lyrjbOKUeJjlg=="
}
    ],
    "Shared Tab Group": []
}