{
    "App Settings": [],
    "App Lists": [],
    "Search Engines": [],
    "Apps": [],
    "Preferences": [
        {
            "name": "autofill.last_version_deduped",
            "value": "131"
},
        {
            "name": "sharing.vapid_key",
            "value": "{\"vapid_creation_timestamp\":\"13374672042107776\",\"vapid_private_key\":\"MIGHAgEAMBMGByqGSM49AgEGCCqGSM49AwEHBG0wawIBAQQgsauQjYz6MY3nc+PbCqYsWaScOfOblNMdfbHceQ1AowShRANCAARhJqJQ5kbn4MnR+whAHh9ZXFaRNCA9ueaG/VgsVZ5pCVW4+Xox/mkcw6pcYlPb4zhS4TomFwkBN4j/Y+zkkv6B\"}"
},
        {
            "name": "translate_blocked_languages",
            "value": "[\"ru\",\"en\",\"ar\"]"
},
        {
            "name": "search.contextual_search_fully_opted_in",
            "value": "false"
},
        {
            "name": "translate_site_blocklist_with_time",
            "value": "{}"
},
        {
            "name": "download.prompt_for_download_android",
            "value": "2"
},
        {
            "name": "translate_site_blacklist_with_time",
            "value": "{}"
},
        {
            "name": "intl.accept_languages",
            "value": "\"ru,en-US,en,ar\""
},
        {
            "name": "translate_auto_always_count",
            "value": "{\"ar\":1}"
},
        {
            "name": "browser.clear_data.time_period_basic",
            "value": "4"
},
        {
            "name": "translate_accepted_count",
            "value": "{\"ar\":4,\"da\":1,\"de\":4,\"en\":3,\"id\":3,\"it\":1,\"ja\":1,\"sv\":3,\"uk\":2,\"und\":1,\"ur\":2,\"uz\":1,\"zh-CN\":1}"
},
        {
            "name": "translate_site_blacklist",
            "value": "[]"
},
        {
            "name": "browser.clear_data.cache",
            "value": "true"
},
        {
            "name": "translate_recent_target",
            "value": "\"ru\""
},
        {
            "name": "intl.selected_languages",
            "value": "\"ru,en-US,en,ar\""
},
        {
            "name": "language.app_language_prompt_shown",
            "value": "true"
},
        {
            "name": "translate_allowlists",
            "value": "{}"
},
        {
            "name": "sync.demographics_birth_year_offset",
            "value": "1"
},
        {
            "name": "translate_force_trigger_on_english_count_for_backoff_1",
            "value": "-1"
},
        {
            "name": "net.easter_egg_high_score",
            "value": "108206"
},
        {
            "name": "browser.clear_data.cookies",
            "value": "true"
},
        {
            "name": "profile.cookie_controls_mode",
            "value": "0"
},
        {
            "name": "translate_denied_count_for_language",
            "value": "{\"ar\":0,\"da\":0,\"de\":0,\"en\":0,\"id\":0,\"it\":0,\"ja\":0,\"sv\":0,\"uk\":0,\"und\":0,\"ur\":0,\"uz\":0,\"zh-CN\":0}"
}
    ],
    "Themes": [],
    "Priority Preferences": [
        {"preference": {
            "name": "credentials_enable_sync",
            "value": "true"
}},
        {"preference": {
            "name": "credentials_need_first_time_welcome",
            "value": "false"
}},
        {"preference": {
            "name": "sync.demographics",
            "value": "{\"gender\":1,\"birth_year\":1975}"
}}
    ],
    "Web Apps": []
}